start,end,grow,register,size,x,y,ink,words
0.7,2.3,0,solid,28,352,436,#050403,JAMES STEWART
0.9,2.3,0,solid,28,1136,410,#050403,KIM NOVAK
2.2,8.4,0,solid,24,740,528,#050403,IN ALFRED HITCHCOCK'S
2.6,8.6,1.7,outline,156,740,404,#f4eee2,VERTIGO
12.2,15.8,0,solid,26,740,676,#ede6d8,WITH BARBARA BEL GEDDES      TOM HELMORE
17.8,21.6,0,solid,26,740,676,#ede6d8,MUSIC BY BERNARD HERRMANN
23.2,26.8,0,solid,26,740,676,#ede6d8,TITLE DESIGN BY SAUL BASS
27.6,31.6,0,solid,24,740,326,#ede6d8,DIRECTED BY
27.9,31.6,0,outline,92,740,408,#f4eee2,ALFRED HITCHCOCK
