name,lon,lat,dx,dy
Kowno,24.0,55.0,-11,44
Wilna,25.3,54.7,-7,48
Smorgoni,26.4,54.4,-26,-22
Molodezno,26.8,54.3,-22,37
Gloubokoe,27.7,55.2,-48,-26
Minsk,27.6,53.9,-22,-89
Studienska,28.5,54.3,-44,48
Polotzk,28.7,55.5,11,-22
Bobr,29.2,54.4,18,-40
Witebsk,30.2,55.3,-22,-26
Orscha,30.4,54.5,-18,37
Mohilow,30.4,53.9,-22,-89
Smolensk,32.0,54.8,-26,41
Dorogobouge,33.2,54.9,-50,-72
Wizma,34.3,55.2,-18,41
Chjat,34.4,55.5,-15,-26
Mojaisk,36.0,55.5,-26,-22
Moscou,37.6,55.8,-56,-41
Tarantino,36.6,55.3,-40,-14
Malo-jarosewli,36.5,55.0,-60,30
