title,seconds
DJ Mike Llama - Llama Whippin' Intro,5
Nine Inch Nails - The Perfect Drug,315
The Prodigy - Breathe,335
"Fatboy Slim - Right Here, Right Now",387
Massive Attack - Teardrop,329
Portishead - Glory Box,307
Underworld - Born Slippy .NUXX,584
The Chemical Brothers - Block Rockin' Beats,315
Daft Punk - Around The World,429
Aphex Twin - Windowlicker,367
Orbital - Halcyon On And On,567
Leftfield - Phat Planet,333
Air - Sexy Boy,298
Boards Of Canada - Roygbiv,151
Autechre - Gantz Graf,307
Squarepusher - My Red Hot Car,276
Photek - Ni Ten Ichi Ryu (Two Swords),363
Roni Size / Reprazent - Brown Paper Bag,323
Goldie - Inner City Life,469
LTJ Bukem - Horizons,524
Amon Tobin - Bricolage,263
DJ Shadow - Midnight In A Perfect World,297
Mr. Oizo - Flat Beat,227
Basement Jaxx - Where's Your Head At,337
Groove Armada - At The River,204
