ra,dec,mag
230.203,71.828,3.00
222.719,74.151,2.07
216.869,75.688,4.25
212.263,77.535,4.80
201.995,78.633,5.74
222.090,82.593,5.63
192.396,83.407,5.38
183.032,77.609,5.14
194.678,75.468,6.00
188.432,69.784,3.85
187.592,69.222,5.01
281.438,74.056,5.25
275.196,71.325,4.22
264.237,68.642,4.77
257.215,65.708,3.17
246.011,61.494,2.73
240.695,58.444,4.01
231.238,58.960,3.29
211.145,64.370,3.67
188.716,70.022,4.95
172.893,69.338,3.82
160.767,69.081,5.01
145.770,72.263,5.15
124.837,75.751,5.55
104.899,76.982,4.55
80.792,79.173,5.08
228.451,67.488,5.15
224.465,65.921,4.63
232.826,64.181,5.74
236.635,62.620,5.19
230.672,63.375,5.72
230.648,62.061,5.99
231.977,60.671,5.90
274.615,72.860,3.55
265.453,72.246,4.57
267.303,76.873,5.02
277.435,77.547,5.65
269.940,79.959,5.74
259.865,80.136,5.74
245.472,69.113,5.26
247.020,68.756,4.94
250.230,64.595,4.84
241.616,67.788,5.44
253.802,65.116,4.88
210.495,68.680,6.34
213.044,69.450,5.18
13.516,83.711,5.59
52.828,84.959,5.62
36.703,89.268,1.97
262.990,86.567,4.35
251.441,82.036,4.21
235.980,77.795,4.29
321.112,80.529,5.97
311.951,80.566,5.36
307.208,81.011,5.96
306.979,81.417,5.38
310.561,82.523,5.75
318.347,81.229,6.12
16.740,86.261,4.24
302.203,77.703,4.38
290.372,79.612,6.06
307.868,74.961,5.18
316.338,78.116,5.91
287.211,76.604,5.11
325.345,71.277,4.55
329.898,73.238,5.04
322.151,70.558,3.23
332.412,72.340,4.79
338.719,73.634,5.08
346.966,75.400,4.41
354.920,77.586,3.21
18.690,87.153,6.20
351.159,87.301,5.56
333.020,86.093,5.27
342.703,85.332,5.89
343.241,84.338,4.70
341.799,83.137,4.77
337.464,78.832,5.45
338.098,76.230,5.70
339.240,75.369,5.80
319.527,62.568,2.45
330.766,64.596,4.26
336.773,65.133,5.52
342.479,66.245,3.50
345.865,67.206,5.25
349.603,68.108,4.75
30.912,72.413,3.95
39.544,72.813,5.17
47.965,74.425,4.85
145.630,69.263,5.72
143.687,69.802,4.54
137.586,67.167,4.80
135.657,67.623,4.74
130.103,64.318,4.59
128.691,65.161,5.47
290.155,65.700,4.60
300.689,67.856,4.51
296.957,70.254,3.84
288.049,67.628,3.07
283.544,71.282,4.82
289.035,73.318,4.45
73.512,66.340,4.26
94.713,69.356,4.76
104.315,58.467,4.35
89.828,54.333,3.72
80.856,57.565,5.24
75.859,60.448,4.03
74.336,53.749,4.43
76.686,51.661,4.98
268.320,56.844,3.73
262.976,55.150,4.86
262.617,52.297,2.79
269.156,51.497,2.24
264.870,46.005,3.82
195.107,66.603,5.37
191.813,62.779,5.88
207.857,64.725,4.58
202.169,59.933,5.40
217.964,60.219,6.26
218.125,55.403,5.74
160.480,68.452,5.74
155.319,68.760,5.88
127.666,60.757,3.35
137.649,63.536,4.67
142.796,63.052,3.65
147.955,59.094,3.78
143.767,51.871,3.17
137.298,51.616,4.46
160.629,65.743,5.12
156.041,65.574,4.94
157.653,64.276,6.07
154.919,48.437,6.00
158.747,57.069,5.16
157.771,55.993,4.82
159.829,53.697,5.55
163.435,54.589,5.12
162.842,56.580,5.66
160.919,57.218,5.79
167.447,44.508,3.00
168.921,52.753,6.51
164.835,51.884,6.22
169.222,49.480,5.88
174.498,50.628,6.14
176.587,47.769,3.69
203.684,49.006,4.68
199.579,49.675,5.14
201.553,46.035,5.88
214.194,46.031,4.18
176.723,55.640,5.27
172.491,56.750,6.29
175.121,57.966,6.35
178.988,56.599,5.83
166.036,61.764,1.81
165.407,56.370,2.34
178.392,53.691,2.41
183.788,57.030,3.32
193.435,55.963,1.76
200.905,54.933,2.23
206.952,49.319,1.85
201.230,54.994,3.99
216.438,51.995,4.04
214.128,51.335,4.75
213.335,51.794,4.53
184.998,-0.658,3.89
190.638,-1.471,2.74
194.071,3.417,3.39
195.645,10.952,2.85
197.666,17.483,4.32
177.406,1.863,3.59
170.317,6.034,4.05
170.929,10.558,4.00
168.582,15.458,3.33
168.472,20.571,2.56
185.194,3.335,4.97
191.492,9.704,5.65
190.441,10.268,4.88
191.444,7.672,5.22
194.746,17.397,4.76
193.050,17.076,6.32
191.657,16.571,5.12
198.296,27.559,4.23
193.340,21.256,4.89
188.784,18.369,5.03
185.221,17.761,4.72
184.031,14.910,5.09
176.299,8.266,4.84
176.472,6.594,4.04
180.218,6.625,4.65
181.383,8.712,4.12
177.297,16.262,6.05
177.451,14.613,2.14
178.915,15.646,5.53
177.200,14.282,5.90
177.781,12.269,6.37
181.055,21.461,5.89
177.052,20.220,4.50
175.220,21.369,5.26
194.096,38.283,5.61
168.810,23.099,4.56
175.269,34.339,5.31
177.476,34.929,5.73
180.451,36.071,5.59
186.499,39.031,5.01
188.775,41.252,4.24
184.149,33.102,4.99
184.391,28.924,5.71
186.769,28.298,4.35
186.606,27.272,4.92
186.752,26.829,4.98
187.236,25.918,5.29
187.757,24.570,5.47
188.397,24.286,6.28
186.088,26.100,5.17
185.631,25.849,4.78
185.567,24.775,6.21
185.109,26.659,5.52
184.763,26.012,6.44
184.096,23.948,4.93
185.131,25.995,6.16
187.370,24.108,5.47
186.290,23.941,6.03
174.237,-0.839,4.30
172.572,-2.997,4.77
169.205,-3.639,4.45
169.303,2.062,5.18
166.864,1.986,5.52
165.454,-2.472,4.73
163.935,24.755,4.30
165.586,20.166,4.42
161.652,14.218,5.49
162.316,10.554,5.32
161.477,30.695,5.36
160.798,26.343,5.51
160.900,23.185,5.08
161.566,18.906,5.50
135.041,48.120,3.12
135.926,47.177,3.57
154.358,42.930,3.45
155.621,41.487,3.06
169.631,33.084,3.49
169.727,31.739,4.33
258.766,24.896,3.12
262.677,26.105,4.41
266.734,27.992,3.42
271.886,28.760,3.84
281.419,20.668,4.19
286.355,13.898,2.99
284.041,4.194,4.62
275.525,-2.646,3.23
269.760,-9.732,3.32
264.411,-15.376,3.54
257.579,-15.760,2.43
247.593,21.495,2.78
245.498,19.137,3.74
242.032,17.049,5.00
238.997,16.125,3.85
236.521,15.437,3.65
233.727,10.538,3.80
236.018,6.410,2.63
237.658,4.455,3.71
243.603,-3.643,2.73
244.551,-4.707,3.23
249.285,-10.576,2.54
270.765,-8.167,4.77
270.065,-3.674,4.62
262.230,0.323,5.41
259.165,-0.422,4.72
261.691,-5.071,4.53
264.466,-8.111,4.58
260.191,-12.848,4.32
255.280,-4.195,4.82
265.883,4.510,2.76
266.982,2.734,3.75
271.319,2.848,4.03
270.161,2.935,3.93
270.433,1.310,4.42
270.065,4.373,4.79
271.823,8.723,4.64
271.860,9.535,3.71
272.191,20.817,4.37
270.374,21.582,4.26
271.957,26.092,5.83
268.853,26.048,5.47
263.693,12.640,2.08
258.664,14.378,2.78
253.708,20.958,5.39
253.886,18.429,5.35
255.773,14.115,4.97
256.326,12.745,4.89
248.217,11.517,4.84
246.339,14.055,4.57
254.524,9.379,3.19
253.522,10.178,4.39
251.459,8.577,5.15
252.562,7.251,5.48
251.951,5.261,5.22
248.143,5.521,5.63
252.860,1.221,5.51
256.326,0.824,6.00
261.628,4.138,4.34
236.009,32.519,5.57
233.241,31.362,4.14
232.032,29.074,3.66
233.623,26.747,2.22
235.731,26.277,3.81
237.431,26.091,4.59
239.428,26.900,4.14
240.377,29.854,4.98
240.346,33.583,5.39
250.707,38.953,3.48
246.350,37.394,5.53
242.261,36.367,4.73
237.812,35.783,4.79
234.851,36.638,4.64
231.190,37.347,4.31
225.506,40.401,3.49
276.067,39.509,5.11
274.973,36.050,4.33
269.062,37.248,3.86
259.333,33.102,4.80
255.400,33.568,5.27
255.092,30.917,3.92
250.518,31.478,2.81
245.587,33.813,5.20
245.565,30.853,4.86
258.774,36.808,3.16
259.437,37.268,4.64
260.938,37.143,4.15
201.314,-11.150,0.98
203.774,-0.613,3.38
201.081,-5.151,5.76
203.029,-6.240,4.68
205.872,3.564,5.35
203.517,3.668,4.92
197.500,-5.527,4.38
207.420,21.258,4.92
205.266,22.505,5.63
205.186,19.947,5.73
201.909,-15.981,4.76
197.979,-16.095,5.04
202.452,-23.285,6.40
199.704,-23.157,2.99
208.915,-47.272,2.55
220.494,-47.379,2.30
218.894,-42.146,2.33
211.904,-36.183,2.06
200.303,-36.681,2.75
197.904,-43.361,5.24
190.483,-48.959,2.20
189.528,-48.539,3.85
187.028,-50.226,3.91
186.650,-51.447,4.82
207.389,-41.680,3.41
207.416,-42.467,3.47
209.579,-42.094,3.83
211.523,-41.172,4.36
210.981,-60.364,0.61
222.637,-61.008,-0.01
207.972,-32.983,4.32
207.380,-34.429,4.19
206.621,-32.991,4.23
215.045,-43.062,5.55
215.771,-39.504,4.41
213.740,-41.831,5.61
216.541,-45.216,4.56
215.158,-45.160,4.78
214.858,-46.057,3.55
209.684,-44.796,3.87
210.429,-45.596,4.34
209.155,-46.560,5.82
202.768,-39.403,3.90
201.453,-39.734,5.11
201.739,-41.498,5.69
213.221,-10.325,4.18
214.013,-5.849,4.07
217.102,-2.227,4.81
214.784,-13.382,4.52
214.334,19.904,-0.05
208.706,-1.495,5.16
205.437,-8.718,5.03
206.492,-12.429,5.50
212.709,-16.298,4.93
213.868,-18.197,5.53
214.684,-18.703,5.86
216.224,-24.800,5.34
221.333,16.983,4.60
220.178,16.415,4.49
220.268,13.733,3.78
208.694,18.527,2.68
206.997,17.437,4.50
207.404,15.783,4.05
222.669,-27.938,4.42
221.922,-26.084,5.23
217.054,-29.483,4.97
215.856,-27.712,4.78
222.759,-16.017,2.75
228.069,-19.780,4.54
233.857,-14.792,3.91
229.287,-9.375,2.61
225.745,2.087,4.39
218.073,38.253,3.04
221.267,27.067,2.35
218.592,29.697,4.47
218.000,30.328,3.57
218.185,22.245,5.91
212.609,25.113,4.82
209.666,21.711,5.76
214.992,16.285,4.84
214.363,15.261,5.84
213.684,13.946,6.45
213.616,12.979,5.53
213.720,10.160,5.29
214.779,13.016,5.41
226.046,-25.266,3.25
223.965,-20.792,5.72
223.588,-24.632,5.27
235.657,-49.481,6.02
237.941,-47.049,6.00
240.781,-49.233,4.65
237.750,-25.742,4.63
238.409,-25.318,4.59
239.894,-41.738,4.99
220.941,-35.110,4.06
223.222,-37.797,5.02
220.503,-37.782,4.01
224.799,-42.096,3.13
224.650,-43.120,2.68
222.922,-43.566,4.32
227.220,-45.270,4.07
226.292,-47.044,3.91
228.138,-52.074,3.41
228.037,-48.720,3.88
224.150,-47.871,5.62
223.928,-33.855,5.32
225.756,-32.636,5.45
226.648,-30.908,5.97
228.660,-31.520,4.91
229.461,-30.147,4.35
230.493,-36.230,3.57
230.797,-36.851,4.54
231.356,-38.729,4.60
230.352,-40.639,3.22
234.586,-42.588,4.34
235.383,-44.565,4.64
232.355,-46.731,5.26
241.614,-45.187,4.73
235.683,-37.419,5.23
234.939,-34.407,4.66
235.681,-34.699,4.75
211.976,43.865,5.13
241.362,-19.796,2.56
240.087,-22.608,2.29
239.718,-26.105,2.89
239.227,-29.205,3.87
241.706,-20.661,3.93
241.834,-20.852,4.31
243.003,-19.452,4.00
246.034,-20.020,4.48
246.758,-18.448,4.22
247.802,-16.599,4.29
250.401,-17.742,4.91
250.463,-19.940,5.55
248.026,-21.479,4.45
246.399,-23.438,4.57
241.114,-11.363,4.84
239.552,-14.273,4.95
238.419,-16.778,4.13
235.499,-19.641,4.75
239.650,-24.823,5.43
238.889,-26.255,5.63
238.631,-27.329,6.15
245.301,-25.586,2.90
247.356,-26.424,1.06
248.974,-28.208,2.82
245.971,-39.194,5.37
249.087,-35.260,4.18
247.851,-34.698,4.24
242.862,-41.074,5.86
240.038,-38.387,3.42
241.655,-36.791,4.22
245.625,-43.908,5.89
243.833,-47.355,5.13
246.803,-47.547,4.46
247.926,-41.817,5.31
249.096,-42.858,5.46
251.183,-40.832,5.64
252.809,-34.201,2.29
252.972,-38.040,3.00
253.499,-42.361,4.70
258.027,-43.135,3.32
264.327,-42.997,1.86
266.896,-40.125,2.99
265.625,-39.021,2.39
263.406,-37.093,1.62
262.693,-37.285,2.70
253.090,-38.009,3.56
269.199,-44.335,4.85
272.816,-45.941,4.52
271.663,-50.088,3.65
265.041,-49.351,4.76
263.928,-46.492,4.56
262.852,-23.953,4.78
261.593,-24.133,4.16
260.506,-24.991,3.27
259.029,-26.190,4.33
267.445,-37.053,3.19
271.475,-30.359,2.98
275.236,-29.819,2.72
276.060,-34.340,1.79
274.465,-36.702,3.10
276.752,-45.949,3.49
276.723,-48.097,5.44
277.132,-48.988,4.10
271.216,-35.889,5.98
273.440,-21.058,3.84
277.011,-25.354,2.82
281.393,-26.991,3.17
283.811,-26.278,2.05
286.756,-27.580,3.32
285.659,-29.881,2.60
284.419,-21.102,3.52
286.141,-21.721,3.76
287.441,-21.010,2.88
289.413,-18.949,4.88
290.428,-17.855,3.92
290.431,-15.953,4.52
278.809,-8.130,3.85
280.566,-9.053,4.70
280.872,-8.279,4.88
281.887,-5.694,5.38
281.796,-4.742,4.22
284.243,-5.832,4.83
285.429,-5.725,4.02
286.569,-4.850,3.43
285.723,-3.702,5.40
287.329,-37.870,4.11
286.561,-36.962,4.23
284.741,-37.067,4.83
284.165,-37.335,5.36
280.945,-38.304,5.11
278.347,-38.718,5.67
278.074,-39.690,5.16
278.360,-42.305,4.62
279.912,-43.171,5.42
282.198,-43.673,5.46
284.084,-42.700,5.35
285.751,-42.079,4.74
287.065,-40.487,4.57
287.505,-39.328,4.10
299.481,-15.458,5.01
295.604,-16.121,5.06
269.663,-28.757,5.99
269.161,-28.059,5.76
268.725,-24.886,6.18
269.950,-23.798,4.74
272.927,-23.691,4.96
275.379,-24.914,6.19
274.511,-27.042,4.66
272.011,-28.446,4.55
284.608,-31.018,6.09
286.103,-31.040,5.49
298.878,-26.326,4.70
299.724,-26.205,4.84
300.651,-27.715,4.43
299.233,-27.165,4.54
295.906,-37.532,6.14
293.533,-40.034,5.89
292.303,-43.404,5.70
293.348,-45.263,5.59
298.804,-41.887,4.12
297.952,-39.870,5.32
299.931,-35.267,4.37
289.914,-35.417,5.59
290.656,-44.451,3.96
300.200,-45.115,5.80
277.771,-32.972,5.37
305.235,-14.786,3.05
306.826,-18.208,5.08
307.465,-18.554,5.94
307.221,-17.811,4.77
305.160,-12.754,4.77
304.491,-12.546,3.58
304.845,-19.115,5.28
304.492,-21.801,5.86
303.319,-26.967,5.73
307.377,-22.380,6.13
308.216,-24.928,6.35
306.357,-28.665,5.86
309.851,-23.940,6.36
310.347,-25.991,6.29
310.302,-31.576,5.75
305.599,-42.020,5.60
311.564,-39.188,5.48
306.837,-37.362,6.24
315.754,-38.592,5.32
313.397,-39.775,5.34
312.756,-37.907,5.52
321.519,-37.825,5.64
318.314,-36.425,5.97
318.175,-39.384,5.25
298.811,6.581,3.71
297.500,8.729,0.76
296.559,10.614,2.72
281.080,39.648,4.67
279.141,38.680,0.03
281.180,37.596,4.34
295.018,18.021,4.39
296.849,18.530,3.68
295.259,17.488,4.39
299.665,19.484,3.51
300.814,18.508,5.99
300.013,17.521,5.33
301.175,17.217,5.80
300.873,16.034,5.73
303.548,15.177,4.94
293.445,7.435,4.45
291.283,3.086,3.36
294.798,5.399,5.18
291.630,0.339,4.64
294.180,-1.279,4.36
298.116,1.008,3.87
302.813,-0.824,3.24
307.387,-2.877,4.91
307.986,-9.892,5.66
299.047,11.422,5.28
300.242,8.563,5.90
301.029,7.273,5.51
305.804,5.356,5.30
309.817,-14.948,5.24
310.161,-16.151,5.79
308.523,-13.747,6.11
283.629,36.897,4.22
282.519,33.364,3.52
284.737,32.689,3.25
286.826,36.102,5.25
283.824,43.917,4.08
288.440,39.146,4.43
289.092,38.133,4.35
291.536,36.313,5.17
292.943,34.454,4.74
311.907,-9.483,3.78
313.146,-8.971,4.73
313.036,-5.505,5.55
311.936,-5.013,4.43
309.817,0.493,5.15
309.579,-1.099,4.31
309.179,-2.544,4.91
311.772,-2.479,6.28
312.331,-0.554,6.24
308.299,11.314,4.03
309.664,10.079,5.07
309.440,11.381,5.42
308.459,13.019,5.39
309.682,13.315,5.69
311.674,16.195,4.27
309.889,15.909,3.77
309.343,14.612,3.64
310.872,15.090,4.43
308.810,14.670,4.64
318.231,30.252,3.21
319.474,34.894,4.41
318.608,37.897,3.74
314.289,41.176,3.94
310.357,45.280,1.25
303.318,46.815,4.80
296.221,45.113,2.86
305.556,40.257,2.23
311.398,33.851,2.48
289.239,53.324,3.80
292.414,51.684,3.76
294.115,50.126,4.49
292.848,50.290,5.55
300.360,64.825,5.22
307.359,62.999,4.21
311.256,61.543,3.41
311.381,57.665,4.52
301.291,61.970,5.40
298.987,58.854,4.98
303.309,56.538,4.28
312.959,-26.918,4.12
311.544,-25.214,4.13
313.722,-17.917,5.78
316.457,-17.211,4.08
316.116,-19.846,4.82
312.490,-33.772,4.89
311.533,-21.508,5.91
314.159,-26.273,5.70
320.550,-16.836,4.28
318.902,-20.651,5.17
315.432,-26.872,6.04
316.793,-24.990,4.49
319.461,-32.165,4.71
316.605,-32.345,5.20
315.324,-32.258,4.67
316.491,-30.100,5.69
322.881,-5.569,2.90
318.934,5.282,3.92
320.704,6.807,5.16
316.139,5.503,5.63
318.605,10.117,4.47
317.567,10.186,4.70
324.401,19.314,5.46
320.481,19.782,4.08
326.515,22.950,5.29
322.477,23.638,4.52
326.661,-16.020,2.85
324.952,-16.654,3.69
331.594,-13.849,4.29
332.645,-11.568,5.43
325.609,-18.863,4.72
324.265,-19.466,4.51
323.724,-20.100,5.70
322.129,-21.805,4.50
321.668,-22.418,3.77
324.002,-26.163,5.73
330.203,-28.454,5.43
333.569,-27.768,5.45
333.407,-25.184,5.58
333.566,-21.095,5.33
332.246,-18.517,5.80
330.505,-17.882,6.28
327.869,-18.595,6.19
340.155,-27.043,4.18
337.851,-32.339,4.29
332.105,-34.026,4.99
326.223,-32.992,4.35
323.063,-33.943,5.97
322.259,-31.234,6.52
320.449,-29.158,6.53
331.440,-0.316,2.95
332.448,6.187,3.52
326.035,9.875,2.38
336.313,1.376,4.80
337.139,-0.034,3.65
335.367,-1.391,3.86
338.807,-0.097,4.04
327.453,30.184,5.07
328.149,28.816,5.52
325.928,28.830,4.49
328.262,25.925,5.09
326.143,25.640,4.14
331.634,25.335,3.77
331.382,28.967,5.69
333.030,24.950,5.97
335.323,28.329,4.78
333.988,37.748,4.14
333.191,34.623,5.34
332.502,33.185,4.28
340.081,44.273,4.50
337.623,43.125,4.52
333.452,39.709,4.50
325.841,38.285,5.69
323.640,38.500,4.87
321.838,37.116,5.30
325.502,35.509,5.98
329.163,63.627,5.11
326.365,61.121,4.25
325.873,58.781,4.23
325.521,51.190,4.69
326.696,49.310,4.23
323.508,45.626,3.98
319.611,43.949,5.04
316.228,43.928,3.72
316.647,47.649,4.56
337.281,58.414,4.07
333.442,57.026,4.18
332.704,58.200,3.39
332.883,59.418,5.05
333.008,60.756,5.37
334.240,-9.036,5.80
335.044,-7.822,5.35
335.886,-7.198,5.92
337.768,-6.516,6.15
340.909,-18.820,4.68
341.917,-14.053,5.68
340.352,-12.225,6.78
337.447,-12.915,6.41
336.094,-13.535,5.76
336.564,-16.744,5.55
335.403,-21.568,5.12
335.840,-24.762,5.53
338.891,-23.989,5.97
341.927,-19.539,5.24
331.205,-0.891,5.29
330.820,-2.151,4.74
346.167,15.221,2.49
345.867,28.033,2.44
350.147,23.744,4.58
342.444,24.617,3.51
340.440,29.315,4.80
340.745,30.231,2.93
341.610,23.569,3.97
351.269,23.391,4.42
342.909,9.820,5.16
344.501,9.410,6.43
343.777,8.806,4.91
346.749,9.414,4.54
347.513,9.825,5.39
347.380,8.679,5.05
341.587,12.351,4.20
340.337,10.835,3.41
333.098,-14.177,6.04
334.199,-12.833,5.34
337.661,-10.668,4.82
334.726,-13.301,5.96
343.147,-7.591,3.73
349.777,-5.117,5.56
356.951,-2.764,5.49
1.250,-0.484,6.32
4.416,1.685,6.19
6.356,1.944,5.77
8.835,-0.483,5.94
6.631,-0.050,6.16
343.861,-20.134,6.36
345.335,-22.782,6.27
345.010,-25.135,5.66
344.276,-29.563,1.17
343.146,-32.868,4.46
344.108,49.735,4.99
345.952,49.992,4.64
344.264,48.686,5.34
348.088,49.372,4.53
349.417,49.013,4.82
349.862,48.607,5.44
354.307,46.610,3.81
355.061,44.341,4.15
354.520,43.269,4.29
349.945,42.077,5.81
345.469,42.326,3.62
346.790,52.812,6.12
344.809,52.643,6.31
342.191,54.416,6.14
349.109,53.299,5.58
359.746,55.757,4.88
358.599,57.501,4.51
356.722,58.632,4.88
352.495,58.547,4.89
350.631,60.134,5.56
346.649,59.420,4.84
346.935,57.062,5.57
2.859,-35.174,5.24
6.457,-42.178,2.40
6.498,-43.692,3.93
353.748,-42.619,4.69
353.199,-37.832,4.38
354.426,-45.488,4.74
346.744,-43.515,4.28
347.522,-45.237,3.88
346.708,-38.894,5.62
3.670,-18.906,4.44
3.019,-17.929,5.29
0.924,-17.333,4.55
2.848,-15.371,4.89
1.128,-10.505,4.99
357.625,-14.394,5.70
355.644,-14.521,4.49
355.610,-15.440,5.27
355.436,-17.817,4.82
356.454,-18.683,5.28
357.829,-18.908,5.17
3.719,-9.567,5.77
3.593,-7.781,5.13
4.862,-8.810,3.56
2.086,-8.811,5.99
1.337,-5.739,4.61
0.473,-5.999,4.37
2.566,-5.238,5.84
0.449,-3.024,5.13
2.048,-2.446,6.18
359.689,-3.530,4.88
354.927,-14.202,4.97
354.402,-13.070,5.66
355.262,-11.682,5.89
356.834,-11.877,5.74
358.188,-8.988,5.76
349.679,-13.442,5.20
349.724,-9.608,4.99
349.469,-9.179,4.41
348.838,-9.082,4.24
349.219,-7.721,4.93
348.564,-5.978,4.22
346.246,-7.696,5.44
350.208,-5.886,6.17
350.618,-15.046,5.19
350.789,-20.066,3.96
351.531,-20.619,4.38
353.320,-20.918,4.70
343.361,-11.617,5.80
342.403,-13.579,4.05
343.679,-15.812,3.27
347.340,-21.184,3.68
347.465,-22.455,4.71
346.647,-23.743,4.48
3.307,15.187,2.83
2.041,29.149,2.07
359.774,6.904,4.03
354.851,5.784,4.13
352.037,6.395,4.27
350.057,5.403,5.05
345.965,3.824,4.48
356.611,3.496,4.95
355.558,1.836,4.49
351.702,1.290,4.95
349.016,3.276,3.70
10.509,50.515,4.80
11.172,48.287,4.48
11.131,47.861,5.66
10.880,47.038,4.95
9.212,44.477,5.14
7.014,44.400,5.18
2.578,46.072,5.01
2.963,48.149,6.18
4.432,51.434,6.11
6.057,52.022,5.58
20.886,-30.929,5.84
14.642,-29.360,4.30
15.576,-31.558,5.50
8.433,-29.548,5.55
6.991,-32.989,4.86
11.648,15.491,5.36
12.245,17.013,5.07
11.875,24.297,4.08
9.734,29.404,4.34
9.783,30.891,3.27
9.214,33.721,4.34
9.342,35.401,5.45
10.287,39.460,5.30
12.443,41.085,4.53
14.118,38.486,3.86
17.355,35.661,2.07
17.782,31.429,5.15
17.884,30.103,4.51
19.856,27.268,4.74
18.430,24.591,4.67
16.403,21.478,5.33
14.319,23.434,4.40
30.500,2.764,3.82
28.380,3.179,4.61
25.366,5.486,4.45
22.440,6.161,4.84
18.381,7.595,5.21
15.765,7.881,4.27
12.140,7.603,4.44
18.555,-8.023,5.14
15.803,-4.799,5.40
13.250,-1.138,4.78
11.821,5.693,5.74
17.183,5.710,5.51
19.467,3.623,5.13
19.188,-2.477,5.42
10.809,-17.998,2.04
17.373,47.246,4.26
20.021,58.232,4.95
21.237,60.253,2.66
26.458,63.942,5.63
28.573,63.677,3.35
29.878,64.627,5.29
37.293,67.389,4.46
17.128,58.268,5.77
14.158,60.718,2.15
11.537,58.017,3.46
10.094,56.549,2.24
9.232,53.900,3.69
1.925,59.215,2.28
8.247,62.933,4.17
31.718,23.515,2.01
28.623,20.847,2.64
28.352,19.330,3.88
34.748,23.171,6.45
34.538,19.901,5.58
32.623,19.510,5.68
33.137,21.210,5.23
37.610,25.261,5.88
25.740,20.513,5.24
23.693,18.484,5.90
22.448,18.357,6.01
22.861,15.347,3.62
24.889,16.410,5.98
29.950,-21.069,3.99
26.664,-16.246,3.49
27.851,-10.321,3.74
21.034,-8.109,3.60
17.068,-10.132,3.46
11.050,-10.568,4.77
38.466,-28.232,4.96
35.558,-23.815,5.19
31.117,-29.300,4.68
33.316,44.237,4.84
30.954,42.348,2.10
24.283,41.543,4.10
21.730,45.446,4.83
24.465,48.669,3.59
25.901,50.694,4.01
32.051,37.875,4.78
32.320,35.001,3.00
34.309,33.866,4.03
38.004,36.141,5.15
40.862,27.711,4.65
41.916,29.293,4.52
42.469,27.303,3.61
45.574,4.118,2.54
44.925,8.913,4.71
41.131,10.125,4.27
36.197,10.615,5.48
33.260,8.852,4.36
37.025,8.465,4.30
38.979,5.601,4.87
40.878,3.288,3.47
39.865,0.329,4.08
38.049,-1.023,5.36
35.558,-0.868,5.42
35.491,0.398,5.29
34.374,1.624,5.60
52.711,12.937,4.14
52.606,11.342,5.14
51.773,9.746,3.73
51.230,9.058,3.61
42.663,55.900,3.77
43.566,52.764,3.93
46.562,49.646,4.05
47.286,44.909,3.79
47.041,40.956,2.09
46.234,38.879,3.32
42.556,38.358,4.22
40.570,40.260,4.91
46.394,56.680,4.77
46.199,53.508,2.91
51.067,49.871,1.79
54.111,48.203,4.32
55.718,47.803,3.01
62.155,47.725,3.96
63.722,48.416,4.12
64.535,50.316,4.60
64.190,53.612,5.20
44.678,39.677,4.68
61.653,50.364,4.25
56.294,24.482,4.30
56.193,24.305,5.45
56.448,24.384,3.87
56.210,24.130,3.72
56.863,24.121,2.85
56.573,23.964,4.14
57.284,24.070,3.62
66.965,21.635,5.72
61.138,22.103,4.36
61.877,15.171,6.02
58.237,17.338,5.97
60.153,17.308,6.31
61.995,17.344,5.89
63.112,17.285,6.09
56.306,42.578,3.77
59.458,40.019,2.90
59.740,35.790,3.98
58.531,31.887,2.84
56.076,32.292,3.84
55.592,33.967,4.97
57.394,33.091,5.14
75.492,43.824,3.03
76.614,41.259,3.18
75.615,41.084,3.69
69.175,41.272,4.25
40.394,-14.569,5.98
38.052,-15.192,4.74
39.827,-11.787,4.83
36.492,-12.286,4.88
40.102,-9.424,5.79
35.450,-10.748,5.43
62.325,-16.386,5.45
59.485,-13.468,2.97
56.515,-12.123,4.43
55.846,-10.031,3.52
53.590,-9.465,3.72
48.960,-8.836,4.80
44.078,-8.819,3.89
41.033,-13.856,4.24
41.150,-18.586,4.47
42.775,-20.998,4.76
45.655,-23.604,4.08
49.859,-21.769,3.70
53.430,-21.623,4.26
56.775,-23.059,4.22
58.416,-24.610,4.64
59.977,-24.022,4.62
67.113,19.194,3.53
66.331,17.940,4.30
65.693,17.553,3.77
64.905,15.636,3.65
68.957,16.578,0.87
67.125,15.880,3.40
66.543,15.630,4.48
60.173,12.495,3.41
69.788,15.925,4.67
66.534,22.830,4.28
66.301,22.310,4.21
69.939,-1.049,6.11
71.369,-3.250,4.01
67.971,-0.041,4.91
69.079,-3.351,3.93
65.938,-3.725,5.17
64.634,-6.418,4.43
62.962,-6.867,4.04
63.602,-10.198,4.87
65.100,27.379,4.97
70.317,28.626,5.73
73.178,27.910,5.97
74.529,25.068,5.79
77.027,24.267,5.50
79.812,22.126,4.96
75.747,21.605,4.62
72.813,18.852,5.08
69.571,20.688,5.85
70.562,22.964,4.27
69.747,-12.117,4.99
72.471,-13.707,6.27
72.531,-16.236,5.03
71.852,-16.996,5.49
71.013,-18.660,5.53
70.100,-19.636,4.32
67.148,-19.418,5.95
67.279,-13.048,5.61
69.574,-14.240,3.86
74.247,33.173,2.69
79.133,46.152,0.08
89.911,44.948,1.90
89.911,37.239,2.65
81.563,28.670,1.65
83.183,32.193,4.71
81.784,30.210,5.69
81.165,31.145,5.94
87.743,37.322,4.72
87.869,39.148,3.97
87.307,39.190,4.51
73.170,36.705,4.79
74.793,37.926,4.93
72.495,37.474,4.89
80.004,33.959,5.05
79.077,34.297,5.99
79.744,33.759,5.38
79.531,33.430,4.54
78.863,32.683,5.01
79.540,40.339,4.69
78.366,38.511,4.82
81.163,37.390,5.02
84.410,21.149,2.97
77.427,15.603,4.81
76.135,15.415,4.65
74.122,13.531,4.06
73.701,11.421,5.18
73.709,10.197,4.64
72.653,8.912,4.35
72.291,6.957,3.19
72.803,5.605,3.68
73.562,2.441,3.71
70.056,-24.489,5.56
75.342,-20.046,4.91
73.777,-16.737,5.71
73.823,-16.431,5.71
74.436,-14.228,6.15
74.967,-12.506,4.78
74.953,-10.214,5.39
71.021,-8.504,5.78
68.479,-6.737,5.71
68.425,-29.668,4.49
68.908,-30.558,3.81
65.977,-34.038,3.97
64.446,-33.796,3.55
57.115,-37.616,4.30
57.386,-36.180,4.17
55.750,-37.288,4.59
54.272,-40.269,4.57
52.562,-41.308,6.12
48.477,-43.332,4.26
44.591,-40.314,2.88
40.103,-39.846,4.11
39.904,-42.886,4.74
83.785,9.935,3.39
83.706,9.490,4.39
84.191,9.401,4.09
88.330,27.616,4.56
89.500,25.955,4.81
91.031,23.307,4.16
90.979,20.139,4.64
104.416,45.095,4.90
102.703,41.831,4.99
99.833,42.509,4.80
99.138,38.453,5.40
93.088,32.695,5.78
93.874,29.593,4.32
87.743,27.964,5.60
84.930,25.906,5.18
83.857,24.047,5.37
88.783,7.403,0.45
85.188,-1.943,1.74
84.053,-1.202,1.69
83.001,-0.299,2.25
78.634,-8.201,0.18
81.286,6.354,1.64
86.939,-9.669,2.07
83.845,-4.836,4.58
83.845,-5.417,4.98
83.857,-5.910,2.75
77.287,-8.753,4.25
75.360,-7.176,4.80
76.993,-5.059,2.78
79.407,-6.841,3.59
76.358,-22.345,3.19
78.216,-16.200,3.29
78.065,-11.858,4.45
78.312,-12.941,4.36
79.895,-13.175,4.29
80.000,-12.318,5.29
83.181,-17.823,2.58
82.063,-20.728,2.81
86.230,-22.315,3.59
87.742,-20.645,3.76
84.452,-28.705,5.28
109.541,16.554,3.58
106.029,20.571,4.01
102.890,21.774,5.28
100.985,25.136,3.06
97.243,20.217,4.13
95.718,22.553,2.87
99.429,16.423,1.93
101.365,12.965,3.35
93.744,22.510,3.31
115.085,5.599,0.40
111.806,8.303,2.89
112.062,8.922,4.33
116.585,28.043,1.16
113.737,31.942,1.58
112.210,31.715,4.16
98.800,28.027,5.26
99.604,28.990,5.76
101.193,28.979,5.42
103.198,33.978,3.60
107.798,30.263,4.41
111.481,27.829,3.78
113.997,26.935,4.06
116.121,24.418,3.57
114.807,34.627,4.89
120.891,27.807,4.94
94.276,9.964,5.39
97.945,11.534,5.22
98.406,14.187,5.57
94.080,12.205,5.04
121.932,21.606,5.30
118.922,19.898,5.38
116.560,18.529,4.89
114.868,17.674,5.04
103.635,13.206,4.73
105.571,15.345,5.78
107.094,15.968,5.47
108.337,16.174,5.07
99.475,-18.234,4.42
99.147,-19.231,3.95
98.759,-22.971,4.54
97.965,-23.421,4.34
92.243,-22.408,5.49
91.919,-19.186,5.28
91.248,-16.483,4.92
91.545,-14.940,4.67
93.932,-13.714,5.00
95.355,-11.774,5.48
96.063,-11.518,5.21
97.830,-12.385,5.16
99.818,-14.143,4.82
95.676,-17.956,1.98
97.048,-32.589,4.47
95.539,-33.417,3.85
89.385,-35.287,4.36
87.715,-35.914,3.12
84.912,-34.065,2.65
82.791,-35.458,3.86
107.966,-0.495,4.15
120.577,2.296,4.39
101.493,-16.274,-1.44
117.326,-24.860,3.34
111.025,-29.306,2.45
102.464,-32.510,3.50
104.655,-28.973,1.50
105.432,-27.937,3.49
107.099,-26.394,1.83
109.678,-24.956,4.37
113.291,-24.718,5.84
105.757,-23.835,3.02
95.976,-52.704,-0.62
127.922,18.115,5.33
128.194,20.457,5.33
130.863,21.483,4.66
131.178,18.237,3.94
131.683,28.776,4.03
133.921,27.940,5.23
137.013,29.653,5.42
134.905,32.431,5.23
122.155,-2.982,4.36
119.954,-3.679,4.93
120.282,-1.365,4.69
118.207,-5.418,5.76
116.491,-6.739,5.49
114.344,-4.117,5.14
112.332,-1.902,5.60
131.826,-1.901,5.28
128.519,-2.159,5.80
126.439,-3.898,3.91
128.876,-7.988,5.72
130.922,-7.233,4.63
132.348,-3.435,5.30
132.688,-27.742,4.02
120.911,-40.009,2.21
131.513,-46.043,3.87
122.386,-47.340,1.75
136.064,-47.094,3.75
137.011,-43.438,2.23
144.279,-49.370,4.34
130.813,3.399,4.30
129.696,3.347,4.45
129.440,5.706,4.14
131.778,6.433,3.38
132.115,5.849,4.35
133.885,5.940,3.11
136.500,5.096,4.99
138.550,2.425,3.89
134.606,11.868,4.26
136.944,10.672,5.23
138.823,14.946,5.36
144.947,-1.120,3.90
143.000,-1.183,4.54
142.251,-2.768,4.59
142.029,-6.048,5.38
141.902,-8.671,1.99
140.126,-9.546,4.80
139.954,-11.979,4.77
135.396,41.862,3.96
136.645,38.457,4.56
139.726,36.847,3.82
140.361,34.387,3.14
144.178,31.178,5.57
145.896,30.012,5.64
141.176,26.200,4.47
142.938,22.982,4.32
146.481,23.778,2.97
148.278,26.027,3.88
154.165,23.420,3.43
154.874,19.897,2.01
151.834,16.763,3.48
152.185,11.965,1.36
145.340,9.906,3.52
158.205,9.308,3.84
152.006,10.021,4.39
157.028,36.747,4.20
156.511,33.817,4.72
159.680,31.974,4.68
163.288,34.318,3.79
143.632,-5.894,5.56
147.803,-4.233,6.01
148.149,-8.088,5.07
130.088,-52.935,3.60
131.158,-54.671,1.93
139.286,-59.280,2.21
142.827,-57.037,3.16
140.535,-55.015,2.47
147.863,-14.839,4.11
152.721,-12.318,3.61
156.571,-16.807,3.83
148.735,-18.996,4.94
145.086,-14.325,5.07
159.683,-16.886,4.91
147.932,-46.551,4.58
142.745,-40.484,3.60
149.758,-35.885,5.23
149.133,-33.426,5.83
164.809,-33.717,5.70
164.145,-37.093,4.60
165.027,-42.227,4.37
159.397,-48.225,3.84
155.075,-47.701,5.66
157.997,-45.067,5.76
155.595,-41.672,4.82
153.757,-42.140,3.85
153.870,-43.093,5.59
151.553,-47.351,5.06
162.371,-16.266,3.11
165.120,-18.345,4.08
169.882,-14.853,3.56
171.257,-17.685,4.06
176.180,-18.342,4.71
165.842,-11.265,5.51
180.133,-10.271,5.54
174.192,-9.803,4.70
171.161,-10.868,4.81
162.428,-9.843,5.85
159.036,-11.987,5.71
174.630,-13.248,5.48
167.913,-22.790,4.46
168.002,-26.812,6.43
173.131,-26.754,6.15
174.740,-24.634,6.40
166.411,-27.291,4.92
178.916,-28.467,5.93
175.411,-29.278,6.44
173.077,-29.313,4.93
167.213,-28.073,5.43
159.353,-27.420,4.87
161.658,-49.401,2.69
168.193,-49.113,5.37
170.274,-54.490,3.90
182.117,-50.720,2.58
177.823,-45.170,4.47
188.596,-23.377,2.65
187.545,-16.465,2.94
184.012,-17.550,2.58
182.559,-22.624,3.02
185.183,-22.206,5.20
188.177,-16.175,4.30
182.792,-23.595,5.45
177.202,-26.746,5.10
178.658,-25.740,5.26
178.252,-33.909,4.29
175.073,-34.744,4.70
173.339,-31.843,3.54
173.238,-31.089,5.13
185.916,-35.410,5.32
192.684,-33.994,4.90
196.711,-35.831,5.63
198.188,-37.820,4.85
193.326,-40.171,4.25
189.989,-39.978,4.63
187.107,-39.036,5.45
158.097,-53.791,4.89
159.839,-55.605,4.29
161.754,-56.757,5.14
163.133,-57.242,5.26
167.151,-58.976,3.93
172.945,-59.442,5.07
183.812,-58.745,2.79
185.732,-57.672,5.38
187.773,-57.018,1.59
186.881,-58.994,5.38
176.645,-61.173,4.11
168.155,-60.318,4.59
163.318,-58.867,3.78
158.907,-57.558,4.45
156.712,-54.879,5.58
154.912,-55.031,4.59
155.240,-56.044,4.50
156.856,-57.640,4.65
156.979,-58.740,3.81
159.698,-59.183,4.69
160.896,-60.568,4.58
166.664,-62.428,4.62
173.972,-63.017,3.11
185.466,-60.434,3.59
191.965,-59.684,1.25
154.289,-61.335,3.39
158.019,-61.689,3.30
160.755,-64.399,2.74
177.436,-63.790,4.30
180.879,-63.315,4.32
184.637,-63.999,4.06
186.678,-63.094,0.77
