ra,dec
233.701,76.360
228.123,79.328
223.366,81.338
221.984,83.461
206.696,85.340
276.207,85.756
316.253,89.195
159.174,84.768
184.185,82.613
171.877,77.016
170.602,76.453
288.060,72.176
279.394,70.392
266.454,69.240
256.910,67.348
242.259,64.675
234.874,62.322
224.483,63.836
202.459,70.844
172.318,77.254
148.566,76.181
131.650,75.129
108.211,76.690
78.329,77.254
58.261,75.882
36.605,75.298
226.502,72.422
220.340,71.298
229.164,68.768
232.549,66.841
226.123,68.209
225.329,66.930
226.138,65.437
280.733,71.876
271.729,72.430
281.346,76.309
290.731,75.726
291.501,78.536
285.083,79.804
247.789,72.027
249.071,71.502
248.808,67.153
242.162,71.240
252.943,67.210
204.046,75.137
208.203,75.710
354.144,76.493
9.890,78.613
354.249,82.116
324.004,82.866
288.550,82.039
255.060,80.949
324.521,74.677
319.212,75.285
317.233,76.015
317.891,76.391
322.103,77.128
323.936,75.489
354.593,79.055
308.669,73.421
304.137,76.179
309.460,70.383
318.625,72.710
296.323,73.852
319.858,65.503
324.236,67.139
317.057,65.021
325.642,66.115
330.775,67.074
337.202,68.506
343.135,70.480
354.649,79.954
347.049,80.157
339.423,79.339
341.647,78.383
340.649,77.410
338.707,76.282
332.707,72.237
331.547,69.659
331.898,68.762
311.692,57.383
321.611,58.573
326.611,58.755
331.417,59.582
334.276,60.400
337.342,61.169
8.016,65.582
14.146,66.338
19.403,68.370
112.035,73.850
109.080,74.147
104.722,70.948
102.120,71.157
98.758,67.335
96.610,67.973
287.940,63.320
298.313,64.265
296.881,66.944
287.368,65.406
286.590,69.374
293.311,70.661
43.929,62.555
60.038,67.751
75.877,58.477
63.679,52.666
54.243,54.787
48.668,57.062
49.527,50.332
52.254,48.531
262.897,57.404
256.864,56.425
255.446,53.682
261.722,52.077
255.816,47.225
181.368,73.763
176.378,69.993
198.289,71.394
189.501,66.896
209.309,66.259
207.940,61.479
131.800,74.492
124.717,74.345
98.395,63.605
107.621,67.465
113.795,67.562
121.817,64.217
119.627,56.694
112.598,55.771
133.904,71.852
128.144,71.309
130.959,70.174
132.970,54.292
135.267,63.147
134.429,62.007
137.454,59.882
141.502,61.010
140.309,62.950
137.822,63.452
147.785,51.198
148.377,59.493
143.704,58.405
149.213,56.245
155.271,57.612
157.982,54.825
189.783,55.935
185.027,56.743
187.034,53.046
201.503,52.432
157.389,62.690
152.021,63.642
155.080,64.958
160.078,63.712
142.686,68.296
143.454,62.902
159.630,60.792
166.029,64.234
178.052,63.160
187.147,61.953
193.636,56.107
187.551,62.003
205.140,58.218
202.320,57.716
201.483,58.223
168.364,6.562
174.036,5.755
177.548,10.612
179.276,18.124
181.517,24.615
160.663,8.963
153.327,12.906
153.768,17.450
151.117,22.248
150.737,27.350
168.533,10.556
174.976,16.925
173.896,17.495
174.911,14.893
178.452,24.582
176.668,24.283
175.203,23.791
182.470,34.674
177.030,28.459
172.195,25.601
168.451,24.982
167.233,22.121
159.367,15.336
159.591,13.669
163.420,13.784
164.577,15.890
160.174,23.355
160.381,21.710
161.881,22.777
160.129,21.373
160.786,19.375
164.001,28.632
159.799,27.305
157.823,28.402
178.175,45.474
150.955,29.891
157.321,41.366
159.724,42.019
162.971,43.228
169.661,46.259
172.223,48.484
167.124,40.313
167.448,36.138
170.029,35.527
169.858,34.501
170.018,34.058
170.543,33.149
171.105,31.802
171.789,31.518
169.308,33.326
168.819,33.073
168.760,31.998
168.250,33.879
167.885,33.229
167.195,31.159
168.281,33.215
170.692,31.339
169.539,31.168
157.542,6.175
155.943,3.964
152.602,3.195
152.463,8.896
150.002,8.712
148.799,4.192
145.680,31.301
147.726,26.807
144.000,20.653
144.913,17.034
142.581,37.084
142.228,32.701
142.587,29.557
143.597,25.327
111.167,52.080
112.361,51.245
133.341,48.775
134.959,47.437
151.222,39.899
151.417,38.560
245.517,27.120
249.643,27.840
254.015,29.206
259.283,29.320
267.490,20.108
271.439,12.780
267.909,3.442
258.602,-2.273
251.995,-8.581
245.994,-13.524
239.234,-13.093
233.695,25.047
231.257,22.936
227.472,21.229
224.270,20.620
221.666,20.179
218.322,15.565
220.243,11.243
221.703,9.140
226.827,0.489
227.656,-0.668
231.698,-7.008
253.188,-7.154
253.059,-2.609
245.778,2.321
242.644,1.949
244.591,-2.969
246.965,-6.322
242.162,-10.509
238.346,-1.342
249.924,6.030
250.796,4.132
255.118,3.705
253.979,3.936
254.046,2.290
254.064,5.375
256.364,9.471
256.505,10.271
258.366,21.416
256.668,22.402
258.926,26.670
255.824,27.016
248.769,14.366
243.959,16.701
239.837,23.816
239.677,21.286
241.021,16.783
241.404,15.358
233.096,15.067
231.496,17.795
239.182,12.227
238.273,13.137
236.012,11.783
236.963,10.340
236.120,8.433
232.338,9.117
236.564,4.316
239.968,3.521
245.643,6.180
223.240,37.212
220.162,36.329
218.589,34.167
219.963,31.705
222.101,31.037
223.844,30.685
226.022,31.287
227.419,34.123
227.952,37.827
239.706,41.995
234.880,40.952
230.422,40.385
225.646,40.271
222.652,41.415
218.862,42.467
213.205,46.002
265.419,39.417
263.642,36.140
258.004,38.067
247.427,35.177
243.508,36.114
242.739,33.526
238.153,34.618
233.451,37.490
232.949,34.558
247.551,38.910
248.316,39.284
249.813,38.976
184.485,-4.099
187.259,6.357
184.423,1.904
186.329,0.757
189.530,10.455
187.145,10.644
180.848,1.613
191.926,28.070
189.712,29.405
189.507,26.852
184.926,-8.945
181.100,-8.962
185.218,-16.261
182.593,-16.060
189.987,-40.449
200.312,-41.135
199.427,-35.825
193.489,-29.508
182.747,-29.593
180.337,-36.219
173.611,-41.731
172.773,-41.308
170.578,-42.995
170.256,-44.217
188.996,-34.807
188.972,-35.594
190.958,-35.307
192.792,-34.471
190.431,-53.593
200.019,-54.818
190.023,-26.142
189.396,-27.564
188.762,-26.099
195.842,-36.527
196.807,-33.016
194.760,-35.233
196.995,-38.754
195.755,-38.625
195.401,-39.505
190.861,-38.009
191.469,-38.838
190.255,-39.748
184.904,-32.379
183.688,-32.674
183.875,-34.444
196.235,-3.753
197.259,0.674
200.547,4.112
197.600,-6.890
199.112,26.367
192.177,5.284
188.629,-1.801
189.526,-5.549
195.416,-9.692
196.436,-11.648
197.196,-12.196
198.300,-18.368
206.184,23.000
204.942,22.515
204.830,19.833
193.120,25.285
191.288,24.271
191.633,22.602
204.203,-21.898
203.642,-19.999
198.768,-23.088
197.757,-21.254
205.211,-10.016
210.064,-14.160
216.135,-9.672
212.126,-3.888
209.515,7.819
204.781,44.430
207.006,33.058
204.416,35.868
203.843,36.537
203.326,28.464
197.658,31.664
194.321,28.420
199.554,22.717
198.834,21.731
198.049,20.457
197.920,19.495
197.859,16.675
199.122,19.466
207.647,-19.474
206.018,-14.863
205.349,-18.665
213.607,-44.323
216.107,-42.108
218.284,-44.528
218.806,-20.923
219.486,-20.562
218.773,-37.016
201.966,-28.936
203.833,-31.762
201.318,-31.572
204.825,-36.152
204.570,-37.161
202.945,-37.490
206.639,-39.481
205.561,-41.180
206.444,-46.310
206.888,-42.971
203.525,-41.856
204.871,-27.882
206.701,-26.797
207.707,-25.140
209.546,-25.902
210.442,-24.597
210.762,-30.734
210.974,-31.376
211.270,-33.290
210.103,-35.110
213.742,-37.391
214.179,-39.422
211.084,-41.324
219.795,-40.596
215.465,-32.349
215.144,-29.290
215.806,-29.645
198.701,50.407
222.939,-15.352
221.399,-18.025
220.654,-21.468
219.826,-24.504
223.178,-16.246
223.281,-16.449
224.570,-15.173
227.450,-16.048
228.335,-14.561
229.565,-12.834
231.970,-14.250
231.767,-16.440
229.213,-17.707
227.402,-19.482
223.578,-6.939
221.752,-9.682
220.393,-12.066
217.270,-14.646
220.733,-20.186
219.842,-21.539
219.473,-22.583
226.082,-21.503
227.957,-22.548
229.283,-24.490
224.844,-35.079
228.396,-31.499
227.306,-30.813
221.636,-36.637
219.405,-33.703
221.148,-32.271
223.727,-39.716
221.433,-42.954
224.120,-43.435
226.239,-37.877
227.147,-39.029
229.468,-37.242
232.102,-30.849
231.639,-34.670
231.367,-39.005
235.483,-40.272
241.494,-40.864
244.551,-38.335
243.545,-37.092
241.771,-34.922
241.050,-35.028
231.756,-34.652
245.861,-42.766
248.957,-44.789
246.742,-48.725
240.662,-47.209
240.328,-44.263
243.313,-21.843
242.059,-21.872
240.880,-22.594
239.275,-23.610
245.674,-35.366
250.764,-29.238
254.543,-29.171
254.570,-33.746
252.567,-35.881
252.766,-45.284
252.171,-47.392
252.318,-48.318
249.550,-34.676
254.112,-20.270
257.000,-24.973
261.080,-27.145
263.593,-26.743
266.318,-28.403
264.846,-30.542
264.978,-21.693
266.602,-22.523
268.002,-21.981
270.264,-20.184
271.430,-19.226
271.693,-17.340
261.162,-8.126
262.786,-9.263
263.190,-8.533
264.528,-6.097
264.558,-5.141
266.850,-6.530
268.042,-6.572
269.285,-5.846
268.589,-4.602
265.036,-38.649
264.453,-37.655
262.621,-37.530
261.996,-37.722
258.613,-38.274
255.971,-38.356
255.502,-39.281
255.211,-41.896
256.532,-42.944
258.661,-43.725
260.755,-43.004
262.553,-42.602
264.219,-41.198
264.908,-40.110
280.828,-17.951
276.848,-18.142
249.250,-27.429
248.868,-26.676
248.922,-23.480
250.283,-22.552
253.225,-22.815
255.457,-24.333
254.275,-26.332
251.598,-27.411
263.607,-31.535
265.091,-31.744
278.697,-28.657
279.572,-28.639
280.279,-30.246
278.927,-29.531
273.730,-39.384
270.807,-41.560
268.795,-44.730
269.384,-46.691
275.747,-44.039
275.324,-41.944
278.261,-37.636
268.106,-36.550
266.880,-45.555
276.399,-47.391
256.498,-32.607
286.710,-17.955
287.888,-21.534
288.492,-21.949
288.339,-21.184
286.883,-15.929
286.235,-15.646
285.763,-22.208
285.044,-24.833
283.108,-29.820
287.899,-25.737
288.404,-28.361
285.951,-31.856
290.213,-27.562
290.437,-29.653
289.552,-35.188
282.711,-44.985
289.521,-42.869
284.957,-40.525
294.036,-42.735
291.329,-43.652
291.014,-41.733
300.279,-42.566
297.119,-40.855
296.449,-43.774
282.826,4.010
281.787,6.297
281.087,8.280
270.366,38.927
268.268,38.214
270.049,36.889
280.503,15.814
282.364,16.102
280.671,15.257
285.241,16.720
286.240,15.619
285.333,14.732
286.432,14.297
285.991,13.157
288.509,12.002
277.623,5.498
274.949,1.445
278.714,3.314
274.957,-1.324
277.292,-3.241
281.478,-1.442
285.934,-3.810
290.262,-6.365
290.068,-13.403
283.637,8.789
284.474,5.811
285.100,4.439
289.603,1.992
291.323,-18.628
291.527,-19.861
290.157,-17.293
272.305,35.895
270.572,32.540
272.624,31.598
275.268,34.715
273.971,42.797
277.412,37.527
277.845,36.447
279.868,34.354
280.901,32.347
294.064,-13.422
295.369,-13.044
295.631,-9.586
294.580,-8.981
293.054,-3.281
292.645,-4.838
292.088,-6.231
294.687,-6.444
295.448,-4.588
292.728,7.640
293.936,6.266
293.857,7.584
293.075,9.317
294.308,9.481
296.575,12.136
294.799,12.038
294.120,10.806
295.669,11.120
293.604,10.921
304.493,25.469
306.236,29.971
305.818,33.033
302.271,36.690
299.331,41.141
293.114,43.389
286.091,42.498
293.940,36.663
298.465,29.706
281.686,51.390
284.165,49.408
285.325,47.679
284.181,47.987
296.336,61.369
301.515,58.889
304.304,57.095
303.154,53.272
295.819,58.495
292.539,55.697
295.629,52.968
292.993,-30.858
291.774,-29.013
294.937,-21.998
297.811,-21.580
297.154,-24.164
291.463,-37.607
292.256,-25.332
294.320,-30.346
302.040,-21.611
299.920,-25.245
295.553,-31.075
297.211,-29.346
298.998,-36.743
295.981,-36.630
294.657,-36.410
296.197,-34.390
305.530,-10.613
302.601,0.558
304.498,1.910
299.853,1.049
302.741,5.401
301.726,5.569
309.273,14.037
305.520,14.847
311.650,17.483
307.833,18.508
308.394,-21.357
306.575,-21.838
313.660,-19.598
314.927,-17.405
307.028,-24.096
305.578,-24.576
304.952,-25.157
303.114,-26.705
302.567,-27.271
304.551,-31.215
310.794,-34.038
314.428,-33.622
314.517,-31.035
315.069,-26.972
313.927,-24.302
312.182,-23.532
309.389,-24.025
321.486,-33.359
318.522,-38.488
312.155,-39.739
306.015,-38.209
302.530,-38.861
302.070,-36.093
300.457,-33.854
314.583,-6.094
316.076,0.315
310.033,4.496
319.587,-4.755
320.321,-6.217
318.449,-7.451
321.992,-6.386
313.237,24.613
313.763,23.196
311.655,23.386
313.599,20.308
311.546,20.192
316.768,19.467
316.844,23.105
318.071,18.984
320.526,22.199
320.106,31.676
319.065,28.616
318.285,27.230
326.314,37.815
323.974,36.809
319.809,33.666
312.609,32.804
310.590,33.197
308.735,31.972
311.968,30.069
320.027,57.718
317.022,55.433
316.023,53.153
314.176,45.655
314.910,43.699
311.455,40.289
307.631,38.954
304.514,39.237
305.547,42.888
325.656,52.053
322.140,50.899
321.729,52.111
322.124,53.309
322.511,54.629
316.754,-14.997
317.663,-13.844
318.565,-13.280
320.526,-12.726
322.917,-25.202
324.285,-20.504
322.789,-18.586
319.752,-19.089
318.313,-19.616
318.552,-22.849
316.946,-27.578
317.120,-30.794
320.404,-30.232
323.931,-25.980
314.303,-6.650
313.819,-7.876
330.121,8.508
330.492,21.318
334.352,16.856
327.040,18.075
325.442,22.873
325.793,23.770
326.178,17.074
335.410,16.462
326.651,3.276
328.199,2.785
327.453,2.218
330.417,2.681
331.189,3.057
331.006,1.918
325.492,5.876
324.177,4.433
315.179,-20.040
316.419,-18.781
320.131,-16.862
316.924,-19.286
325.937,-14.122
332.815,-11.968
340.179,-9.853
344.574,-7.661
347.787,-5.530
349.736,-5.284
352.227,-7.715
350.005,-7.279
325.917,-26.684
327.297,-29.406
326.795,-31.738
325.685,-36.118
324.188,-39.352
330.436,43.062
332.085,43.237
330.475,42.008
333.915,42.532
335.060,42.124
335.424,41.703
339.246,39.569
339.811,37.281
339.275,36.225
335.074,35.178
331.029,35.607
333.081,46.016
331.342,45.931
329.273,47.819
335.135,46.414
344.421,48.593
343.534,50.356
342.026,51.523
338.482,51.544
337.083,53.184
333.685,52.613
333.645,50.250
345.663,-42.370
349.585,-49.406
349.617,-50.920
335.113,-49.587
334.832,-44.786
335.662,-52.477
327.101,-50.171
327.785,-51.929
327.538,-45.559
346.807,-26.113
346.136,-25.129
343.946,-24.502
345.993,-22.569
344.284,-17.679
340.568,-21.496
338.503,-21.570
338.438,-22.488
338.177,-24.858
339.217,-25.753
340.657,-26.013
346.968,-16.775
346.859,-14.988
348.152,-16.029
345.298,-15.999
344.578,-12.917
343.692,-13.162
345.839,-12.433
343.721,-10.187
345.351,-9.634
342.940,-10.679
337.768,-21.230
337.261,-20.082
338.197,-18.721
339.817,-18.960
341.288,-16.105
332.352,-20.281
332.569,-16.453
332.326,-16.013
331.683,-15.890
332.134,-14.546
331.543,-12.777
329.096,-14.386
333.222,-12.753
333.254,-21.922
333.202,-26.945
333.958,-27.526
335.833,-27.890
325.924,-18.153
324.817,-20.058
326.000,-22.359
329.510,-27.910
329.568,-29.186
328.624,-30.432
346.823,7.982
345.796,21.958
343.224,-0.249
338.305,-1.251
335.528,-0.550
333.522,-1.467
329.375,-2.866
339.997,-3.586
338.898,-5.217
335.011,-5.639
332.398,-3.550
353.620,43.287
354.225,41.063
354.193,40.636
353.979,39.812
352.507,37.245
350.537,37.169
346.593,38.872
346.978,40.945
348.327,44.216
349.746,44.795
5.402,-37.973
358.568,-36.545
359.637,-38.727
351.830,-36.780
350.247,-40.219
354.948,8.271
355.516,9.797
355.097,17.078
353.038,22.174
353.078,23.661
352.539,26.490
352.653,28.170
353.503,32.232
355.450,33.870
357.017,31.287
0.057,28.511
0.561,24.288
0.689,22.965
2.624,20.174
1.340,17.465
359.468,14.314
357.440,16.239
13.915,-3.934
11.777,-3.616
8.678,-1.431
5.746,-0.855
1.680,0.473
359.082,0.709
355.494,0.387
2.209,-15.138
359.331,-11.969
356.689,-8.343
355.192,-1.526
0.529,-1.437
2.853,-3.473
2.721,-9.578
354.324,-25.223
359.734,40.093
1.503,51.125
2.371,53.171
6.249,56.998
7.990,56.804
8.894,57.798
14.196,60.862
359.078,51.107
356.508,53.516
354.403,50.794
353.208,49.320
352.491,46.668
346.393,52.020
351.649,55.701
14.071,16.850
11.235,14.046
11.044,12.519
16.991,16.660
16.985,13.385
15.159,12.895
15.560,14.618
19.592,18.908
8.475,13.599
6.575,11.501
5.375,11.336
5.872,8.340
7.809,9.469
14.582,-27.765
10.884,-23.095
11.838,-17.126
4.754,-15.160
0.728,-17.278
354.526,-17.792
24.142,-34.416
20.684,-30.197
16.369,-35.923
14.177,37.613
12.188,35.619
6.183,34.563
3.689,38.389
5.944,41.688
7.070,43.756
13.510,31.204
13.953,28.347
15.882,27.313
19.146,29.785
22.506,21.552
23.378,23.199
24.066,21.251
28.867,-1.645
27.861,3.087
24.035,4.027
19.147,4.207
16.351,2.284
20.092,2.110
22.206,-0.628
24.249,-2.811
23.435,-5.831
21.699,-7.298
19.183,-7.294
19.042,-6.034
17.852,-4.873
35.183,7.725
35.222,6.127
34.543,4.465
34.068,3.734
21.014,49.746
22.307,46.686
25.431,43.786
26.746,39.127
27.014,35.175
26.506,33.049
23.161,32.277
21.144,34.046
24.089,50.762
24.495,47.599
29.419,44.341
32.435,42.927
33.957,42.664
39.827,43.162
41.122,43.994
41.467,45.951
40.399,49.174
24.983,33.734
38.846,45.727
37.544,19.536
37.465,19.351
37.702,19.452
37.500,19.178
38.129,19.228
37.867,19.046
38.539,19.216
48.165,17.750
42.470,17.625
43.933,10.803
40.159,12.606
42.027,12.760
43.818,12.976
44.912,13.029
35.328,37.529
38.627,35.270
39.485,31.096
38.842,27.105
36.468,27.286
35.812,28.909
37.618,28.198
52.955,40.669
54.515,38.258
53.603,37.974
47.504,37.467
25.023,-20.658
22.650,-21.437
24.233,-17.922
20.840,-18.635
24.344,-15.546
19.670,-17.163
47.693,-20.540
44.476,-17.929
41.314,-16.882
40.424,-14.863
38.080,-14.509
33.322,-14.287
28.354,-14.658
25.627,-19.903
26.125,-24.612
28.025,-26.898
31.282,-29.272
35.475,-27.093
39.161,-26.626
42.787,-27.736
44.675,-29.115
46.213,-28.372
48.595,15.340
47.977,14.011
47.399,13.560
46.842,11.573
50.696,12.937
48.985,12.047
48.444,11.737
42.540,7.973
51.584,12.378
47.605,18.892
47.442,18.351
53.634,-4.474
55.308,-6.501
51.562,-3.688
53.032,-6.857
49.932,-7.570
48.916,-10.387
47.284,-11.008
48.289,-14.254
45.668,23.264
50.518,25.049
53.371,24.651
55.064,21.982
57.596,21.471
60.598,19.671
56.704,18.683
54.190,15.619
50.809,17.086
51.491,19.454
54.709,-15.493
57.647,-16.763
58.024,-19.267
57.435,-20.099
56.800,-21.847
56.001,-22.920
52.973,-23.034
52.328,-16.692
54.789,-17.621
53.635,29.988
55.882,43.375
66.402,43.457
68.029,35.850
61.373,26.365
62.394,30.047
61.353,27.917
60.608,28.770
65.912,35.668
65.683,37.487
65.133,37.461
52.048,33.370
53.387,34.758
51.281,34.058
59.037,31.422
58.090,31.649
58.820,31.193
58.668,30.843
58.144,30.026
57.468,37.681
56.687,35.738
59.563,34.952
65.226,19.250
59.105,12.919
57.861,12.583
56.112,10.482
55.947,8.339
56.098,7.124
55.205,5.728
55.071,3.745
55.731,2.459
56.844,-0.598
56.616,-27.741
61.365,-22.720
59.346,-19.620
59.353,-19.311
59.690,-17.052
60.009,-15.281
59.713,-13.007
55.564,-11.760
52.811,-10.288
55.713,-33.063
56.349,-33.891
53.894,-37.670
52.263,-37.599
45.217,-42.160
45.262,-40.709
43.714,-41.972
42.657,-45.075
41.009,-46.270
36.950,-48.656
32.194,-45.991
27.214,-45.873
27.433,-48.913
66.066,8.049
66.043,7.598
66.533,7.569
68.124,26.135
69.522,24.634
71.417,22.199
71.817,19.053
80.500,45.404
79.590,41.974
76.608,42.281
76.803,38.194
71.949,31.749
73.241,28.778
67.497,26.408
65.060,24.028
64.281,22.057
71.323,6.150
68.915,-3.568
67.696,-2.971
66.541,-2.203
63.153,-10.573
64.035,4.194
71.625,-11.018
67.936,-6.604
68.008,-7.180
68.081,-7.668
61.873,-11.282
59.755,-9.942
61.134,-7.649
63.758,-9.131
62.711,-24.880
63.746,-18.562
63.037,-14.271
63.422,-15.317
65.038,-15.359
65.034,-14.496
68.947,-19.570
68.230,-22.587
72.637,-23.646
73.906,-21.802
71.842,-30.196
90.723,17.826
86.658,21.369
83.360,22.167
80.965,25.257
77.987,19.913
76.143,22.037
80.681,16.428
83.068,13.243
74.203,21.747
97.666,7.638
94.061,9.922
94.238,10.567
96.110,30.080
92.584,33.590
91.087,33.176
78.348,27.844
78.986,28.898
80.560,29.088
81.679,34.284
86.915,31.189
91.005,29.239
93.676,28.665
96.201,26.432
93.180,36.377
100.509,30.366
76.434,9.375
79.864,11.393
79.970,14.082
75.949,11.573
102.476,24.341
99.672,22.289
97.483,20.647
95.901,19.593
85.291,13.767
86.930,16.131
88.362,16.940
89.573,17.299
85.226,-17.939
85.041,-18.969
85.196,-22.723
84.478,-23.269
78.650,-22.985
77.862,-19.833
76.818,-17.238
76.904,-15.671
79.113,-14.156
80.269,-12.053
80.938,-11.710
82.805,-12.347
85.008,-13.840
81.423,-18.142
85.054,-32.458
83.710,-33.467
77.944,-36.089
76.395,-36.918
73.234,-35.441
71.359,-37.082
91.340,0.717
103.536,5.013
86.953,-15.743
103.677,-22.325
98.201,-27.480
90.368,-31.702
91.927,-27.930
92.524,-26.809
93.919,-25.075
96.230,-23.334
99.726,-22.662
92.221,-22.705
88.822,-52.402
109.012,21.564
108.987,23.920
111.575,25.234
112.306,22.044
111.409,32.563
113.842,31.975
116.805,34.000
114.194,36.537
105.717,-0.047
103.616,-0.994
103.671,1.342
102.090,-2.926
100.551,-4.441
98.109,-2.096
95.845,-0.142
115.203,2.094
111.943,1.484
110.070,-0.473
112.931,-4.272
114.870,-3.303
115.883,0.623
118.894,-23.509
109.507,-36.924
120.543,-41.782
112.362,-44.008
124.913,-42.391
125.156,-38.679
132.753,-43.945
113.629,7.257
112.517,7.085
112.002,9.402
114.268,10.376
114.670,9.831
116.438,10.107
119.153,9.533
121.476,7.077
116.527,16.077
119.024,15.125
120.478,19.563
128.203,4.134
126.265,3.900
125.662,2.254
125.739,-1.033
125.853,-3.656
124.184,-4.690
124.246,-7.128
113.017,45.935
115.001,42.696
118.541,41.417
119.608,39.039
124.098,36.219
126.062,35.216
121.601,30.985
123.818,27.952
127.411,29.066
129.041,31.460
135.482,29.334
136.538,25.874
133.656,22.521
134.423,17.766
127.619,15.152
140.782,15.540
134.398,15.814
137.136,42.822
136.919,39.866
140.528,38.246
144.210,40.807
127.314,-0.736
131.312,1.273
131.969,-2.541
120.728,-48.734
122.127,-50.343
130.499,-54.162
132.988,-51.659
130.523,-49.844
132.245,-9.293
136.798,-6.410
140.877,-10.625
133.443,-13.367
129.488,-9.009
143.905,-10.512
135.606,-40.864
130.019,-35.243
135.986,-30.116
135.147,-27.713
149.835,-27.043
149.442,-30.444
150.620,-35.528
146.104,-41.792
142.184,-41.522
144.511,-38.723
141.978,-35.484
140.348,-36.067
140.556,-37.009
138.980,-41.402
146.481,-9.742
149.261,-11.678
153.727,-7.982
155.175,-10.761
159.964,-11.266
149.612,-4.572
163.641,-3.111
157.773,-2.786
154.824,-3.952
146.178,-3.325
142.969,-5.660
158.308,-6.216
152.171,-15.992
152.451,-20.006
157.313,-19.761
158.769,-17.594
150.967,-20.553
162.837,-21.326
159.556,-22.218
157.359,-22.320
151.768,-21.299
144.281,-21.044
148.237,-42.846
153.987,-42.269
156.243,-47.562
166.294,-43.525
162.321,-38.046
171.971,-16.145
170.955,-9.233
167.533,-10.338
166.192,-15.427
168.701,-14.984
171.569,-8.943
166.428,-16.395
161.173,-19.642
162.529,-18.605
162.355,-26.780
159.430,-27.690
157.704,-24.840
157.580,-24.090
169.485,-28.184
175.760,-26.781
179.457,-28.670
180.765,-30.686
176.266,-32.964
173.228,-32.748
170.599,-31.805
145.644,-47.408
147.403,-49.121
149.202,-50.172
150.441,-50.591
154.050,-52.151
158.938,-52.425
167.950,-51.531
169.535,-50.446
171.247,-49.786
170.511,-51.764
162.138,-54.063
155.050,-53.452
150.820,-52.202
146.896,-51.114
144.601,-48.569
143.067,-48.826
143.514,-49.814
145.164,-51.307
145.457,-52.394
147.825,-52.690
149.057,-54.008
154.105,-55.611
160.119,-55.967
169.357,-53.209
174.727,-52.464
143.706,-55.126
146.874,-55.269
149.653,-57.825
162.980,-56.662
165.718,-56.132
168.762,-56.779
170.384,-55.864
