sector,label,colour
0,ROUGE,#B03D56
1,1,#B44055
2,2,#B84154
3,3,#BA4653
4,4,#BD474C
5,5,#BF4C4A
6,ROUGE ORANGÉ,#CC5849
7,1,#D5624A
8,2,#D96443
9,3,#E16740
10,4,#E4683B
11,5,#ED723B
12,ORANGÉ,#F57438
13,1,#FA7B38
14,2,#FA833B
15,3,#F8883D
16,4,#F68D44
17,5,#F49247
18,ORANGÉ JAUNE,#EF994B
19,1,#EEA151
20,2,#ECA953
21,3,#EBAF53
22,4,#E8B650
23,5,#E6BD4D
24,JAUNE,#E3C34B
25,1,#DCC94B
26,2,#D7C64B
27,3,#D0C44B
28,4,#C7BF4A
29,5,#C2C04E
30,JAUNE VERT,#B7BC4E
31,1,#ABB64C
32,2,#9FB452
33,3,#90AC56
34,4,#87A45A
35,5,#83A35E
36,VERT,#7D9D64
37,1,#759865
38,2,#699168
39,3,#608C68
40,4,#5C8A66
41,5,#57896A
42,VERT BLEU,#54886E
43,1,#518471
44,2,#508579
45,3,#4A807B
46,4,#478089
47,5,#41798B
48,BLEU,#3E738A
49,1,#45748F
50,2,#3F6887
51,3,#395D83
52,4,#385680
53,5,#3E5581
54,BLEU VIOLET,#3D4977
55,1,#424B79
56,2,#464773
57,3,#494A76
58,4,#4B4773
59,5,#49446E
60,VIOLET,#4F466E
61,1,#54456D
62,2,#56456D
63,3,#5A476D
64,4,#5B4467
65,5,#5C4265
66,VIOLET ROUGE,#6A4166
67,1,#773B60
68,2,#853B5D
69,3,#873D5E
70,4,#913A5C
71,5,#AB3753
